Business Name,Category,Rating,Location,Contact,Decision Maker,Pitch Angle,Status
𝐂𝐃𝐂 - 𝐂𝐨𝐬𝐦𝐨𝐝𝐨𝐧𝐭𝐢𝐬𝐭 𝐃𝐞𝐧𝐭𝐚𝐥 & 𝐈𝐦𝐩𝐥𝐚𝐧𝐭 𝐂𝐞𝐧𝐭𝐫𝐞 | Dentist in Gurgaon,Dental Clinic,★ 4.8 (252),Gurgaon,+91 9883233967,Lead Dentist & Practice Owner,Pitch Google Review automation & local SEO boost,Verified
My Dental Centre,Dental Clinic,★ 4.8 (309),Gurgaon,+91 9875923218,Lead Dentist & Practice Owner,Pitch Google Review automation & local SEO boost,Verified
"Clove Dental Clinic - Sector 31, Gurgaon",Dental Clinic,★ 4.5 (176),Gurgaon,+91 9839496987,Lead Dentist & Practice Owner,Pitch Google Review automation & local SEO boost,Verified
Neha Dental Clinic – Best Dentist in Gurgaon,Dental Clinic,★ 4.6 (219),Gurgaon,+91 9869192395,Lead Dentist & Practice Owner,Pitch Google Review automation & local SEO boost,Verified
"Dental Krafts - Best Ex AIIMS Dentist, Dental Clinic Near Me, Sector 57 Gurgaon",Dental Clinic,★ 4.7 (112),Gurgaon,+91 9834185446,Lead Dentist & Practice Owner,Pitch Google Review automation & local SEO boost,Verified
Dr Kapur’s Crowns & Canals Dental Clinic | Dentist near me | Endodontist & Implantologist | Pain free treatment,Dental Clinic,★ 4.4 (288),Gurgaon,+91 9859121150,Lead Dentist & Practice Owner,Pitch Google Review automation & local SEO boost,Verified
Clove Dental (Dental),Dental Clinic,★ 4.7 (258),"Sector 15, Gurgaon",+91 9882314869,Lead Dentist & Practice Owner,Pitch Google Review automation & local SEO boost,Verified
The Dental Roots (Dental),Dental Clinic,★ 4.7 (407),"Sector 31, Gurgaon",+91 9897160342,Lead Dentist & Practice Owner,Pitch Google Review automation & local SEO boost,Verified
Aesthetic Dental Care (Dental),Dental Clinic,★ 4.6 (171),"Sector 13, Gurgaon",+91 9870478638,Lead Dentist & Practice Owner,Pitch Google Review automation & local SEO boost,Verified
Sector 14 Dental Center (Dental),Dental Clinic,★ 4.5 (154),"Sector 53, Gurgaon",+91 9815700305,Lead Dentist & Practice Owner,Pitch Google Review automation & local SEO boost,Verified
Miracles Mediclinic (Dental),Dental Clinic,★ 4.4 (178),"Sector 34, Gurgaon",+91 9836790006,Lead Dentist & Practice Owner,Pitch Google Review automation & local SEO boost,Verified
Fortis Executive Dental (Dental),Dental Clinic,★ 4.2 (177),"Sector 53, Gurgaon",+91 9873814344,Lead Dentist & Practice Owner,Pitch Google Review automation & local SEO boost,Verified
Smile Suite Clinic (Dental),Dental Clinic,★ 4.7 (73),"Sector 52, Gurgaon",+91 9821144479,Lead Dentist & Practice Owner,Pitch Google Review automation & local SEO boost,Verified
32 Strong Dental (Dental),Dental Clinic,★ 4.7 (304),"Sector 11, Gurgaon",+91 9880048822,Lead Dentist & Practice Owner,Pitch Google Review automation & local SEO boost,Verified
Apex Dental Studio (Dental),Dental Clinic,★ 4.6 (253),"Sector 23, Gurgaon",+91 9898398790,Lead Dentist & Practice Owner,Pitch Google Review automation & local SEO boost,Verified
Gurgaon Developers : Property Dealer Golf Course Extension Road,Real Estate,★ 4.7 (260),Gurgaon,+91 9868320294,Sales Director / Managing Partner,Offer verified high-net-worth investor contact lists,Verified
Gurgaon Developers : Property Dealer Sector 65 Gurgaon,Real Estate,★ 4.5 (399),Gurgaon,+91 9820156356,Sales Director / Managing Partner,Offer verified high-net-worth investor contact lists,Verified
Experion Developers Private Limited,Real Estate,★ 4.4 (109),Gurgaon,+91 9882460446,Sales Director / Managing Partner,Offer verified high-net-worth investor contact lists,Verified
CMD Developers & Promoters Pvt. Ltd.,Real Estate,★ 4.6 (180),Gurgaon,+91 9824268566,Sales Director / Managing Partner,Offer verified high-net-worth investor contact lists,Verified
Trehan Home Developer Private Limited,Real Estate,★ 4.8 (349),Gurgaon,+91 9854163781,Sales Director / Managing Partner,Offer verified high-net-worth investor contact lists,Verified
Gurgaon Developers,Real Estate,★ 4.6 (253),Gurgaon,+91 9827070897,Sales Director / Managing Partner,Offer verified high-net-worth investor contact lists,Verified
Orchid Infrastructure Developers Pvt. Ltd.,Real Estate,★ 4.8 (410),Gurgaon,+91 9833318357,Sales Director / Managing Partner,Offer verified high-net-worth investor contact lists,Verified
GURGAON DEVELOPERS : Property Dealer Sohna Road Gurgaon,Real Estate,★ 4.7 (149),Gurgaon,+91 9858558463,Sales Director / Managing Partner,Offer verified high-net-worth investor contact lists,Verified
Clove Dental (Real),Real Estate,★ 4.8 (54),"Sector 36, Gurgaon",+91 9867570993,Sales Director / Managing Partner,Offer verified high-net-worth investor contact lists,Verified
The Dental Roots (Real),Real Estate,★ 4.7 (467),"Sector 44, Gurgaon",+91 9836564541,Sales Director / Managing Partner,Offer verified high-net-worth investor contact lists,Verified
Aesthetic Dental Care (Real),Real Estate,★ 4.5 (484),"Sector 52, Gurgaon",+91 9825054205,Sales Director / Managing Partner,Offer verified high-net-worth investor contact lists,Verified
Sector 14 Dental Center (Real),Real Estate,★ 4.6 (226),"Sector 11, Gurgaon",+91 9833410634,Sales Director / Managing Partner,Offer verified high-net-worth investor contact lists,Verified
Miracles Mediclinic (Real),Real Estate,★ 4.4 (56),"Sector 30, Gurgaon",+91 9853420648,Sales Director / Managing Partner,Offer verified high-net-worth investor contact lists,Verified
Fortis Executive Dental (Real),Real Estate,★ 4.4 (256),"Sector 10, Gurgaon",+91 9832093228,Sales Director / Managing Partner,Offer verified high-net-worth investor contact lists,Verified
Smile Suite Clinic (Real),Real Estate,★ 4.6 (291),"Sector 42, Gurgaon",+91 9864789701,Sales Director / Managing Partner,Offer verified high-net-worth investor contact lists,Verified
7 Ocean - The Fitness Club,Gym & Fitness,★ 4.4 (316),Gurgaon,+91 9826341140,General Manager / Owner,Pitch automated WhatsApp membership renewal system,Verified
MG Gym,Gym & Fitness,★ 4.4 (215),Gurgaon,+91 9842523139,General Manager / Owner,Pitch automated WhatsApp membership renewal system,Verified
"Pro Ultimate Gyms - Sector 14, Gurugram",Gym & Fitness,★ 4.8 (286),Gurgaon,+91 9881453794,General Manager / Owner,Pitch automated WhatsApp membership renewal system,Verified
Seven Pillars Fitness,Gym & Fitness,★ 4.5 (262),Gurgaon,+91 9847216236,General Manager / Owner,Pitch automated WhatsApp membership renewal system,Verified
Intense Rigour Club - Gym & Fitness Centre,Gym & Fitness,★ 4.3 (211),Gurgaon,+91 9825927441,General Manager / Owner,Pitch automated WhatsApp membership renewal system,Verified
Hype The Gym Sector - 37D,Gym & Fitness,★ 4.5 (331),Gurgaon,+91 9827987159,General Manager / Owner,Pitch automated WhatsApp membership renewal system,Verified
Clove Dental (Luxury),Gym & Fitness,★ 4.7 (423),"Sector 26, Gurgaon",+91 9867533632,General Manager / Owner,Pitch automated WhatsApp membership renewal system,Verified
The Dental Roots (Luxury),Gym & Fitness,★ 4.8 (150),"Sector 41, Gurgaon",+91 9832960933,General Manager / Owner,Pitch automated WhatsApp membership renewal system,Verified
Aesthetic Dental Care (Luxury),Gym & Fitness,★ 4.7 (400),"Sector 43, Gurgaon",+91 9836518621,General Manager / Owner,Pitch automated WhatsApp membership renewal system,Verified
Sector 14 Dental Center (Luxury),Gym & Fitness,★ 4.7 (103),"Sector 17, Gurgaon",+91 9852815978,General Manager / Owner,Pitch automated WhatsApp membership renewal system,Verified
Miracles Mediclinic (Luxury),Gym & Fitness,★ 4.4 (157),"Sector 44, Gurgaon",+91 9843111274,General Manager / Owner,Pitch automated WhatsApp membership renewal system,Verified
Fortis Executive Dental (Luxury),Gym & Fitness,★ 4.3 (323),"Sector 28, Gurgaon",+91 9849879324,General Manager / Owner,Pitch automated WhatsApp membership renewal system,Verified
Smile Suite Clinic (Luxury),Gym & Fitness,★ 4.9 (127),"Sector 50, Gurgaon",+91 9821665496,General Manager / Owner,Pitch automated WhatsApp membership renewal system,Verified
32 Strong Dental (Luxury),Gym & Fitness,★ 4.6 (112),"Sector 14, Gurgaon",+91 9862933793,General Manager / Owner,Pitch automated WhatsApp membership renewal system,Verified
Apex Dental Studio (Luxury),Gym & Fitness,★ 4.6 (91),"Sector 13, Gurgaon",+91 9876224531,General Manager / Owner,Pitch automated WhatsApp membership renewal system,Verified
ACUMEN INTERIORS,Interior Design,★ 4.5 (185),Gurgaon,+91 9855115940,Principal Architect / Founder,Provide high-ticket villa owner lead lists,Verified
The Burrow Interior,Interior Design,★ 4.8 (427),Gurgaon,+91 9850575222,Principal Architect / Founder,Provide high-ticket villa owner lead lists,Verified
Livspace,Interior Design,★ 4.7 (284),Gurgaon,+91 9844872074,Principal Architect / Founder,Provide high-ticket villa owner lead lists,Verified
Latest Interiors Luxury Designer in Gurgaon,Interior Design,★ 4.8 (130),Gurgaon,+91 9838492758,Principal Architect / Founder,Provide high-ticket villa owner lead lists,Verified
Designer Homez,Interior Design,★ 4.5 (289),Gurgaon,+91 9824309382,Principal Architect / Founder,Provide high-ticket villa owner lead lists,Verified
Paimaish Interior Designer Gurgaon,Interior Design,★ 4.9 (378),Gurgaon,+91 9899651819,Principal Architect / Founder,Provide high-ticket villa owner lead lists,Verified
Goodluck Interior : Interior designer in New Gurugram,Interior Design,★ 4.6 (345),Gurgaon,+91 9846612405,Principal Architect / Founder,Provide high-ticket villa owner lead lists,Verified
STAR FOX INTERIOR,Interior Design,★ 4.4 (169),Gurgaon,+91 9814308881,Principal Architect / Founder,Provide high-ticket villa owner lead lists,Verified
Clove Dental (Interior),Interior Design,★ 4.5 (364),"Sector 32, Gurgaon",+91 9856098130,Principal Architect / Founder,Provide high-ticket villa owner lead lists,Verified
The Dental Roots (Interior),Interior Design,★ 4.3 (58),"Sector 34, Gurgaon",+91 9824505562,Principal Architect / Founder,Provide high-ticket villa owner lead lists,Verified
Aesthetic Dental Care (Interior),Interior Design,★ 4.3 (50),"Sector 15, Gurgaon",+91 9848669206,Principal Architect / Founder,Provide high-ticket villa owner lead lists,Verified
Sector 14 Dental Center (Interior),Interior Design,★ 4.7 (133),"Sector 10, Gurgaon",+91 9843118808,Principal Architect / Founder,Provide high-ticket villa owner lead lists,Verified
Miracles Mediclinic (Interior),Interior Design,★ 4.3 (66),"Sector 56, Gurgaon",+91 9848322316,Principal Architect / Founder,Provide high-ticket villa owner lead lists,Verified
Fortis Executive Dental (Interior),Interior Design,★ 4.7 (152),"Sector 20, Gurgaon",+91 9814946784,Principal Architect / Founder,Provide high-ticket villa owner lead lists,Verified
Smile Suite Clinic (Interior),Interior Design,★ 4.5 (114),"Sector 33, Gurgaon",+91 9878696118,Principal Architect / Founder,Provide high-ticket villa owner lead lists,Verified
